{
  "Fondo": [
    {
      "id_fondo": 1,
      "nombre": "Fondo 1",
      "description": "Descripción del Fondo 1"
    },
    {
      "id_fondo": 2,
      "nombre": "Fondo 2",
      "description": "Descripción del Fondo 2"
    }
  ],
  "Dependencia": [
    {
      "id_dependencia": 1,
      "nombre": "Dependencia 1",
      "direccion": "Dirección de la Dependencia 1",
      "sigla": "Sigla 1",
      "estado": 1,
      "id_padre": null,
      "id_fondo": 1
    },
    {
      "id_dependencia": 2,
      "nombre": "Dependencia 2",
      "direccion": "Dirección de la Dependencia 2",
      "sigla": "Sigla 2",
      "estado": 1,
      "id_padre": 1,
      "id_fondo": 1
    }
  ],
  "SoporteDocumental": [
    {
      "id_soporte_Documental": 1,
      "descripcion": "Descripción del Soporte Documental 1"
    },
    {
      "id_soporte_Documental": 2,
      "descripcion": "Descripción del Soporte Documental 2"
    }
  ],
  "DetalleSoporteDocumental": [
    {
      "id_detalle_Soporte_Documental": 1,
      "id_soporteDocumental": 1,
      "descripcion": "Descripción del Detalle Soporte Documental 1"
    },
    {
      "id_detalle_Soporte_Documental": 2,
      "id_soporteDocumental": 1,
      "descripcion": "Descripción del Detalle Soporte Documental 2"
    }
  ],
  "Serie": [
    {
      "descripcion": "Descripción de la Serie 1",
      "id_serieSubserie": 1,
      "id_padre": null,
      "fecha_vigencia_inicial": "2022-01-01",
      "fecha_vigencia_final": "2022-12-31",
      "CT": 1,
      "E": 1,
      "MT": 1,
      "S": 1,
      "tiempo_archivo_gestion": 5,
      "tiempo_archivo_central": 10,
      "observacion": "Observación de la Serie 1"
    },
    {
      "descripcion": "Descripción de la Serie 2",
      "id_serieSubserie": 2,
      "id_padre": 1,
      "fecha_vigencia_inicial": "2022-01-01",
      "fecha_vigencia_final": "2022-12-31",
      "CT": 1,
      "E": 1,
      "MT": 1,
      "S": 1,
      "tiempo_archivo_gestion": 5,
      "tiempo_archivo_central": 10,
      "observacion": "Observación de la Serie 2"
    }
  ],
  "TRD": [
    {
      "id_trd": 1,
      "id_serieSubserie": 1,
      "observacion": "Observación del TRD 1",
      "estado": 1,
      "id_dependencia": 1
    },
    {
      "id_trd": 2,
      "id_serieSubserie": 2,
      "observacion": "Observación del TRD 2",
      "estado": 1,
      "id_dependencia": 2
    }
  ],
  "TipoDeRadicado": [
    {
      "id_tipo_de_radicado": 1,
      "descripcion": "Descripción del Tipo de Radicado 1"
    },
    {
      "id_tipo_de_radicado": 2,
      "descripcion": "Descripción del Tipo de Radicado 2"
    }
  ],
  "TipoDocumental": [
    {
      "id_tipo_documental": 1,
      "termino_tramite": 1,
      "tipo_de_radicado": 1,
      "descripcion": "Descripción del Tipo Documental 1"
    },
    {
      "id_tipo_documental": 2,
      "termino_tramite": 2,
      "tipo_de_radicado": 2,
      "descripcion": "Descripción del Tipo Documental 2"
    }
  ],
  "TipoDocumental_TRD": [
    {
      "id_tipo_documental": 1,
      "id_trd": 1,
      "id_detalleSoporteDocumental": 1
    },
    {
      "id_tipo_documental": 2,
      "id_trd": 2,
      "id_detalleSoporteDocumental": 2
    }
  ]
}
